Keyword,Local Search Volume (US),Global Search Volume,CPC (US),CPC (Global)
live online yoga classes,720,1600,3.33,2.05
yoga lessons for beginners,70,320,2.23769981,0.84466244
yoga lessons online free,50,260,2.32,1.45361648
online yoga classes for beginners,480,880,2.63,2.39150046
free yoga classes for beginners,90,110,1.49,1.390638
yoga online free for beginners,590,1000,3.36592213,2.45502681
best online yoga classes free,590,1300,3.645686,2.08837279
best yoga videos online,720,1000,7.97957104,7.93527015
yoga exercises for beginners,480,2400,1.42530544,0.75537056
best online yoga course,50,320,5.13,3.01627709
yoga classes for beginners online free,480,1000,2.91992543,2.09598826
best yoga classes for beginners,70,110,3.6,3.84547803
best yoga for beginners,1300,2900,2.79,2.63849841
free online yoga classes,9900,18100,3.06864128,2.10521061
online yoga classes for beginners free,480,1000,1.93,2.09598826
free online yoga classes for beginners,480,1000,2.91992543,2.09598826
best yoga course online free,10,10,-,-
best online yoga for beginners,170,390,3.56,5.37914763
top online yoga classes,30,50,4.11,3.75383289
online yoga teacher training,5400,9900,4.06,3.73869417
live yoga classes online,720,1600,3.33,3.21490617
online teacher training yoga,5400,9900,4.12,3.73869417
yoga teacher training in los angeles,260,320,2.53,2.03
best yoga teacher training in los angeles,40,40,3.26,1.26562124
best online yoga teacher training,390,590,6.08945296,3.62
online yoga classes for free,9900,18100,3.06864128,2.10521061
yoga online classes free,9900,18100,3.06864128,2.10521061
best free yoga classes online,590,1300,3.645686,2.08837279
best yoga classes online free,590,1300,3.645686,2.08837279
yoga classes online for free,9900,18100,2.18,2.10521061
best free online yoga classes,590,1300,3.645686,1.99
yoga for beginners at home,1300,4400,2.07634348,1.11
best yoga videos for beginners,1300,1900,2.39952781,2.9142146
best online yoga classes,1900,3600,4.29,4.7388712
yoga for beginners online,1000,3600,3.4161894,2.99470617
best free online yoga,880,1600,3.07,2.99734861
yoga at home for beginners,1300,4400,2.07634348,1.11
learn yoga online,170,1000,2.59,1.37
yoga training online,480,1000,9.50210311,47.42
yoga lessons online,170,720,5.12882026,2.15
best free yoga online,880,1600,3.59140231,2.99734861
power yoga classes,140,480,3.04216688,1.61615101
best yoga sites,70,170,3.32,2.32
yoga sessions online,140,720,2.84,2.46188574
yoga for beginners online free,590,1000,2.27,2.45502681
best online yoga sites,20,40,4.91,2.84836312
yoga practice online,40,90,3.20975806,2.67055702
yoga training online free,70,170,4.17458849,2.24954115
online vinyasa yoga class,90,170,5.1,4.0390567
teaching yoga online,390,1000,4.56,3.09256233
best online yoga teachers,50,110,2.91122828,2.4050706
best yoga websites for beginners,10,30,-,1.21166425
online yoga trainer,10,140,2.99,1.006195
best online live yoga classes,20,40,3.84,2.91
live streaming yoga classes online,10,10,4.28329263,2.89210285
best online yoga workouts,50,90,4.88,5.8451498
yoga class online,12100,33100,3.51,2.29217029
online yoga class,12100,33100,3.51,2.29217029
yoga class online free,9900,18100,2.18,2.10521061
online yoga classes,12100,33100,4.95856866,2.29217029
free yoga class online,9900,18100,3.06864128,2.10521061
online free yoga classes,9900,18100,3.06864128,2.10521061
yoga classes online,12100,33100,3.51,2.29217029
online free yoga class,9900,18100,3.06864128,2.10521061
yoga classes free online,9900,18100,2.18,2.10521061
yoga classes online free,9900,18100,3.06864128,2.10521061
free yoga classes online,9900,18100,2.18,2.10521061
yoga class free online,9900,18100,2.18,2.10521061
free online yoga class,9900,18100,2.18,2.10521061
online yoga class free,9900,18100,3.06864128,2.10521061
yoga online free classes,9900,18100,2.18,1.6
yoga online class free,9900,18100,3.06864128,2.10521061
yoga free online class,9900,18100,2.18,2.10521061
yoga online free class,9900,18100,2.18,2.10521061
online yoga classes free,9900,18100,3.06864128,2.10521061
yoga free class online,9900,18100,2.18,2.10521061
free yoga online classes,9900,18100,2.18,2.10521061
yoga free online classes,9900,18100,3.06864128,2.10521061
free yoga online class,9900,18100,2.18,2.10521061
yoga online class,12100,33100,4.95856866,1.79
yoga online classes,12100,33100,4.95856866,2.29217029
online classes for yoga,12100,33100,4.95856866,2.29217029
yoga class online for free,9900,18100,2.18,2.10521061
yoga free classes online,9900,18100,2.18,2.10521061
online yoga free classes,9900,18100,3.06864128,2.10521061
yoga classes online best,1900,3600,4.29,4.7388712
yoga class online best,1900,3600,4.29,4.7388712
online yoga classes best,1900,3600,6.4211699,4.7388712
best yoga classes online,1900,3600,4.29,4.7388712
best online yoga class,1900,3600,4.29,4.7388712
best yoga online classes,1900,3600,4.29,4.7388712
best yoga class online,1900,3600,4.29,4.7388712
online yoga classes live,720,1600,3.33,2.05
online live yoga classes,720,1600,3.33,3.21490617
free beginner yoga classes online,480,1000,1.93,2.09598826
online beginner yoga class,480,880,2.63,1.73
free yoga online classes for beginners,480,1000,2.91992543,2.09598826
yoga class for beginners online,480,880,3.90848152,1.73
beginner yoga online class,480,880,3.90848152,2.39150046
yoga online classes for beginners,480,880,2.63,2.39150046
yoga classes online free beginner,480,1000,2.91992543,1.52
free yoga classes online for beginners,480,1000,1.93,2.09598826
corepower yoga online classes,480,480,1.97,0.89309149
yoga classes online for beginners,480,880,2.63,1.73
beginners online yoga class,480,880,3.90848152,2.39150046
beginners yoga classes online,480,880,2.63,2.39150046
yoga class online beginners,480,880,2.63,2.39150046
online beginner yoga classes,480,880,3.90848152,1.73
beginner yoga class online,480,880,2.63,2.39150046
Best Yoga Asanas For Weight Loss,10,170,-,0.01317154
Yoga For Weight Loss For Beginners,1600,4400,2.06516686,0.92605826
Yoga For Women At Home,10,30,-,-
Daily Yoga For Beginner,-,-,-,-
Live Yoga Training For Beginners,-,-,-,-
Best Yoga For Family,-,-,-,-
Yoga Workout At Home,1000,2900,2.55,2.52352073
Yoga Fitness At Home,10,10,-,-
Group Yoga Classes Online,10,10,2.99,1.66234481
Best Yoga Classes Live,-,-,-,-
Best Live Online Yoga Classes,10,10,5.82767267,5.348624
Couples Yoga Classes,260,390,1.68,1.25076232
Couples Yoga For Beginners,590,1000,-,0.63710722
Couples Yoga Beginner Classes,-,-,-,-
Couples Yoga Class Online,10,10,3.27,-
Online Couples Yoga,10,10,-,2.13
Couples Yoga Classes Online,-,-,-,-
Group Yoga Class Online,10,10,4.11222666,1.66234481
Group Yoga Sites Online,-,-,-,-
Live Group Yoga Classes,-,-,-,-
Live Group Yoga Class,-,-,-,-
Live Group Yoga Sites,-,-,-,-
Live Group Yoga Teacher,-,-,-,-
Live Group Yoga Training,-,-,-,-
Live Daily Yoga For Beginner,-,-,-,-
Live Yoga Exercises For Beginners,-,-,-,-
yoga teacher,2400,27100,2.52729076,0.85
